customer_id,name,country,signup_date
1,Marlin Gibbonson,Indonesia,11/12/2025
2,Oneida Denisovo,Philippines,3/14/2025
3,Karalynn Woodhouse,China,8/30/2025
4,Marysa Dreghorn,Brazil,5/10/2025
5,Baillie Genny,France,5/9/2025
6,Jolie Rebillard,Greece,2/18/2026
7,Franklyn Hollingshead,Peru,11/18/2025
8,Ainslee Yearne,Nigeria,9/25/2025
9,Norris Gumme,China,8/3/2025
10,Louis Caramuscia,Colombia,12/12/2025
11,Hyatt Siley,Indonesia,9/21/2025
12,Lin Piquard,Indonesia,11/6/2025
13,Bendick Scarasbrick,Syria,2/17/2026
14,Kinsley Routhorn,Greece,12/30/2025
15,Ingra Sarjeant,Poland,9/13/2025
16,Ichabod Sinkins,Russia,6/20/2025
17,Dorelle Hollerin,China,3/8/2026
18,Antonino Mallindine,Philippines,10/10/2025
19,Cissy Sells,Czech Republic,9/20/2025
20,Alanah Carpe,Philippines,8/2/2025
21,Morrie Hussy,Guatemala,2/19/2026
22,Oralia Godly,Iceland,7/29/2025
23,Claire Caplen,Bosnia and Herzegovina,1/7/2026
24,Florentia Bottrill,China,10/24/2025
25,Ignatius Plumstead,France,4/11/2025
26,Estell Norquoy,Finland,5/10/2025
27,Kati Lardge,Philippines,12/28/2025
28,Rosalynd Mepsted,Brazil,4/21/2025
29,Wilt Shanahan,South Africa,12/6/2025
30,Leigh O'Hederscoll,Colombia,5/4/2025
31,Jereme Digweed,Croatia,8/4/2025
32,Shawnee Fowlie,Argentina,7/10/2025
33,Lizzy Callaby,Honduras,6/16/2025
34,Baldwin Surfleet,United States,11/16/2025
35,Veronica Seagrove,Morocco,4/27/2025
36,Elene Stihl,Vietnam,7/13/2025
37,Wallie Kunzler,Greenland,4/12/2025
38,Tasia Dunstall,Nepal,2/27/2026
39,Javier Phillott,France,12/23/2025
40,Wilma Struthers,Ivory Coast,3/31/2025
41,Davey Martyns,Macedonia,6/12/2025
42,Skippie Eccersley,Indonesia,6/10/2025
43,Masha Cowans,Argentina,9/24/2025
44,Suzette Hannam,China,5/5/2025
45,Woody Shank,Russia,9/30/2025
46,Farra Graveston,Canada,7/10/2025
47,Luce Gatheridge,Philippines,3/2/2026
48,Gerrilee Bletsoe,Netherlands,6/11/2025
49,Noam Higounet,Japan,2/1/2026
50,Darla Norley,Morocco,3/13/2025
51,Blancha Yushmanov,Indonesia,10/4/2025
52,Randa Sager,South Africa,8/28/2025
53,Tracie Leinweber,Brazil,7/28/2025
54,Rori Derye-Barrett,United States,8/10/2025
55,Jeffrey Swinn,Mongolia,10/20/2025
56,Berny Hatliff,Russia,11/30/2025
57,Field Housiaux,Mongolia,4/20/2025
58,Feodora Evill,Colombia,10/13/2025
59,Mead Weldrick,Thailand,4/19/2025
60,Ag Jentgens,Portugal,3/8/2026
61,Guillaume Sherwood,Sweden,12/14/2025
62,Kurtis Ebbutt,Indonesia,10/7/2025
63,Georgianna Spada,Czech Republic,12/2/2025
64,Marsiella Aleksandrev,Tunisia,7/17/2025
65,Kelby Le Clercq,China,3/25/2025
66,Ed Lewsam,China,8/27/2025
67,Jordan Degli Antoni,Belarus,1/8/2026
68,Zeke Bellay,Sweden,6/11/2025
69,Ginger Rudham,Indonesia,3/30/2025
70,Gabriel Mixon,China,12/18/2025
71,Alta Bernat,Philippines,11/23/2025
72,Blanch Torrisi,China,11/18/2025
73,Reggie Rosbottom,Thailand,8/24/2025
74,Demetre Adelsberg,Canada,9/29/2025
75,Klaus Joncic,China,9/1/2025
76,Anson Wetter,Peru,9/29/2025
77,Emmalynne Bellerby,France,5/7/2025
78,Bevin Challener,Philippines,6/7/2025
79,Fairlie Gatman,China,10/13/2025
80,Estel Kach,Qatar,11/23/2025
81,Tynan Nicol,Poland,4/25/2025
82,Shaughn Saiger,Ghana,2/17/2026
83,Sophie Bourthouloume,Canada,5/17/2025
84,Emiline Ram,Tunisia,4/26/2025
85,Lauralee Sheahan,Brazil,5/6/2025
86,Joannes Godding,Greece,6/29/2025
87,Molli Nester,Guatemala,12/5/2025
88,Elvis Ottosen,Portugal,7/21/2025
89,Kip Phelips,Indonesia,12/12/2025
90,Dorolice Antonijevic,Thailand,6/12/2025
91,Holly-anne O'Doherty,France,3/23/2025
92,Morgun Haglington,Bolivia,11/30/2025
93,Ariel Brandel,Indonesia,5/19/2025
94,Opal Von Brook,Egypt,1/9/2026
95,Raynell Scarbarrow,Mauritius,9/28/2025
96,Umberto Satford,Philippines,5/12/2025
97,Gilbert Sylvester,Uruguay,10/22/2025
98,Goran Craythorne,Poland,1/20/2026
99,Deane Santer,Philippines,12/14/2025
100,Ara Bruhnicke,China,2/26/2026
